date,status,IDE_core,Energy,Agriculture,Fertilizers
2025-10-31,GREEN,2.169,1.96,1.69,2.817
2025-11-30,GREEN,2.171,1.971,1.558,2.937
2025-12-31,GREEN,1.932,1.915,1.144,2.747
2026-01-31,GREEN,1.936,2.037,1.092,2.693
2026-02-28,GREEN,1.891,2.149,0.93,2.66
2026-03-31,GREEN,2.873,3.401,1.459,3.518
2026-04-30,EARLY_AGROENERGY_WATCH,3.295,3.904,1.683,3.837
2026-05-31,EARLY_AGROENERGY_WATCH,3.224,3.77,1.946,3.626
2026-06-30,GREEN,2.557,2.895,2.092,2.617
2026-07-31,GREEN,2.594,2.869,2.741,2.192
2026-08-31,GREEN,2.72,3.263,2.809,2.08
2026-09-30,WATCH,3.092,3.893,2.982,2.235
